,addtime,befores,content,country,forecast,id,importance,influence,nid,publish,publishtime,shorttime,time,type
0,1325860230,389.9,美国至12月30日当周EIA原油库存(万桶),美国,-100,1,3,利空,0,220.9,2017/03/01 23:30:00,12年1月6,2012年1月6日,1
1,1326292230,220.9,美国至1月6日当周EIA原油库存(万桶),美国,100,2,3,利空,0,495.8,2017/03/01 23:30:00,12年1月11,2012年1月11日,1
2,1327069830,495.8,美国至1月13日当周EIA原油库存(万桶),美国,300,3,3,利多,0,-343.8,2017/03/01 23:30:00,12年1月20,2012年1月20日,1
3,1327501830,-343.8,美国至1月20日当周EIA原油库存(万桶),美国,145,4,3,利空,0,355.8,2017/03/01 23:30:00,12年1月25,2012年1月25日,1
4,1328106630,355.8,美国至1月27日当周EIA原油库存(万桶),美国,260,5,3,利空,0,417.5,2017/03/01 23:30:00,12年2月1,2012年2月1日,1
5,1328711430,417.5,美国至2月3日当周EIA原油库存(万桶),美国,250,6,3,利多,0,30.4,2017/03/01 23:30:00,12年2月8,2012年2月8日,1
6,1329316230,30.4,美国至2月10日当周EIA原油库存(万桶),美国,150,7,3,利多,0,-17.1,2017/03/01 23:30:00,12年2月15,2012年2月15日,1
7,1330093830,-17.1,美国至2月17日当周EIA原油库存(万桶),美国,135,8,3,利空,0,163.3,2017/03/01 23:30:00,12年2月24,2012年2月24日,1
8,1330525830,163.3,美国至2月24日当周EIA原油库存(万桶),美国,110,9,3,利空,0,416,2017/03/01 23:30:00,12年2月29,2012年2月29日,1
9,1331130630,416,美国至3月2日当周EIA原油库存(万桶),美国,150,10,3,利多,0,83.2,2017/03/01 23:30:00,12年3月7,2012年3月7日,1
10,1331735430,83.2,美国至3月9日当周EIA原油库存(万桶),美国,160,11,3,利空,0,175,2017/03/01 23:30:00,12年3月14,2012年3月14日,1
11,1332340230,175,美国至3月16日当周EIA原油库存(万桶),美国,220,12,3,利多,0,-116.2,2017/03/01 23:30:00,12年3月21,2012年3月21日,1
12,1332945030,-116.2,美国至3月23日当周EIA原油库存(万桶),美国,255,13,3,利空,0,710.2,2017/03/01 23:30:00,12年3月28,2012年3月28日,1
13,1333549830,710.2,美国至3月30日当周EIA原油库存(万桶),美国,250,14,3,利空,0,900.9,2017/03/01 23:30:00,12年4月4,2012年4月4日,1
14,1334154630,900.9,美国至4月6日当周EIA原油库存(万桶),美国,200,15,3,利空,0,279.1,2017/03/01 23:30:00,12年4月11,2012年4月11日,1
15,1334759430,279.1,美国至4月13日当周EIA原油库存(万桶),美国,180,16,3,利空,0,385.6,2017/03/01 23:30:00,12年4月18,2012年4月18日,1
16,1335364230,385.6,美国至4月20日当周EIA原油库存(万桶),美国,280,17,3,利空,0,397.8,2017/03/01 23:30:00,12年4月25,2012年4月25日,1
17,1335969030,397.8,美国至4月27日当周EIA原油库存(万桶),美国,250,18,3,利空,0,284,2017/03/01 23:30:00,12年5月2,2012年5月2日,1
18,1336573830,284,美国至5月4日当周EIA原油库存(万桶),美国,200,19,3,利空,0,365.2,2017/03/01 23:30:00,12年5月9,2012年5月9日,1
19,1337178630,365.2,美国至5月11日当周EIA原油库存(万桶),美国,175,20,3,利空,0,212.8,2017/03/01 23:30:00,12年5月16,2012年5月16日,1
20,1337783430,212.8,美国至5月18日当周EIA原油库存(万桶),美国,165,21,3,利多,0,88.3,2017/03/01 23:30:00,12年5月23,2012年5月23日,1
21,1338474630,88.3,美国至5月26日当周EIA原油库存(万桶),美国,100,22,3,利空,0,221.3,2017/03/01 23:30:00,12年5月31,2012年5月31日,1
22,1338993030,221.3,美国至6月1日当周EIA原油库存(万桶),美国,-50,23,3,利空,0,-11.1,2017/03/01 23:30:00,12年6月6,2012年6月6日,1
23,1339597830,-11.1,美国至6月8日当周EIA原油库存(万桶),美国,-150,24,3,利空,0,-19.1,2017/03/01 23:30:00,12年6月13,2012年6月13日,1
24,1340202630,-19.1,美国6月15日当周EIA原油库存(万桶),美国,-130,25,3,利空,0,286.1,2017/03/01 23:30:00,12年6月20,2012年6月20日,1
25,1340807430,286.1,美国至6月22日当周EIA原油库存(万桶),美国,-130,26,3,利空,0,-13.3,2017/03/01 23:30:00,12年6月27,2012年6月27日,1
26,1341498630,-13.3,美国至6月30日当周EIA原油库存(万桶),美国,-230,27,3,利多,0,-427,2017/03/01 23:30:00,12年7月5,2012年7月5日,1
27,1342017030,-427,美国至7月6日当周EIA原油库存(万桶),美国,-137.5,28,3,利多,0,-469.6,2017/03/01 23:30:00,12年7月11,2012年7月11日,1
28,1342621830,-469.6,美国至7月13日当周EIA原油库存(万桶),美国,-130,29,3,利空,0,-80.9,2017/03/01 23:30:00,12年7月18,2012年7月18日,1
29,1343226630,-80.9,美国至7月20日当周EIA原油库存(万桶),美国,-100,30,3,利空,0,271.7,2017/03/01 23:30:00,12年7月25,2012年7月25日,1
30,1343831430,271.7,美国至7月27日当周EIA原油库存(万桶),美国,-100,31,3,利多,0,-652.2,2017/03/01 23:30:00,12年8月1,2012年8月1日,1
31,1344436230,-652.2,美国至8月3日当周EIA原油库存(万桶),美国,-155,32,3,利多,0,-372.9,2017/03/01 23:30:00,12年8月8,2012年8月8日,1
32,1345041030,-372.9,美国8月10日当周EIA原油库存(万桶),美国,-150,33,3,利多,0,-369.9,2017/03/01 23:30:00,12年8月15,2012年8月15日,1
33,1345645830,-369.9,美国至8月17日当周EIA原油库存(万桶),美国,-25,34,3,利多,0,-541.2,2017/03/01 23:30:00,12年8月22,2012年8月22日,1
34,1346250630,-541.2,美国至8月24日当周EIA原油库存(万桶),美国,-175,35,3,利空,0,377.8,2017/03/01 23:30:00,12年8月29,2012年8月29日,1
35,1346941830,377.8,美国至8月31日当周EIA原油库存(万桶),美国,-495,36,3,利多,0,-742.6,2017/03/01 23:30:00,12年9月6,2012年9月6日,1
36,1347460230,-742.6,美国9月7日当周EIA原油库存(万桶),美国,-290,37,3,利空,0,199.4,2017/03/01 23:30:00,12年9月12,2012年9月12日,1
37,1348065030,199.4,美国至9月14日当周EIA原油库存(万桶),美国,100,38,3,利空,0,853.4,2017/03/01 23:30:00,12年9月19,2012年9月19日,1
38,1348669830,853.4,美国至9月21日当周EIA原油库存(万桶),美国,190,39,3,利多,0,-244.6,2017/03/01 23:30:00,12年9月26,2012年9月26日,1
39,1349274630,-244.6,美国至9月28日当周EIA原油库存(万桶),美国,150,40,3,利多,0,-48.2,2017/03/01 23:30:00,12年10月3,2012年10月3日,1
40,1349965830,-48.2,美国10月5日当周API原油库存(万桶),美国,150,41,3,利空,0,167.2,2017/03/01 23:30:00,12年10月11,2012年10月11日,1
41,1350484230,167.2,美国10月12日当周EIA原油库存(万桶),美国,150,42,3,利空,0,286,2017/03/01 23:30:00,12年10月17,2012年10月17日,1
42,1351089030,286,美国至10月19日当周EIA原油库存(万桶),美国,180,43,3,利空,0,589.6,2017/03/01 23:30:00,12年10月24,2012年10月24日,1
43,1351780230,589.6,美国至10月27日当周EIA原油库存(万桶),美国,180,44,3,利多,0,-204.5,2017/03/01 23:30:00,12年11月1,2012年11月1日,1
44,1352298630,-204.5,美国至11月2日当周EIA原油库存(万桶),美国,200,45,3,利多,0,176.6,2017/03/01 23:30:00,12年11月7,2012年11月7日,1
45,1353076230,176.6,美国至11月9日当周EIA原油库存(万桶),美国,265,46,3,利多,0,108.9,2017/03/01 23:30:00,12年11月16,2012年11月16日,1
46,1353508230,108.9,美国至11月17日当周EIA原油库存(万桶),美国,100,47,3,利多,0,-146.6,2017/03/01 23:30:00,12年11月21,2012年11月21日,1
47,1354113030,-146.6,美国至11月23日当周EIA原油库存(万桶),美国,35,48,3,利多,0,-34.7,2017/03/01 23:30:00,12年11月28,2012年11月28日,1
48,1354717830,-34.7,美国至11月30日当周EIA原油库存(万桶),美国,-50,49,3,利多,0,-235.7,2017/03/01 23:30:00,12年12月5,2012年12月5日,1
49,1355322630,-235.7,美国12月7日当周EIA原油库存(万桶),美国,-250,50,3,利空,0,84.3,2017/03/01 23:30:00,12年12月12,2012年12月12日,1
50,1355927430,84.3,美国至12月14日当周EIA原油库存(万桶),美国,-175,51,3,利空,0,-96.4,2017/03/01 23:30:00,12年12月19,2012年12月19日,1
51,1356791430,-96.4,美国至12月21日当周EIA原油库存(万桶),美国,-175,52,3,利空,0,-58.6,2017/03/01 23:30:00,12年12月29,2012年12月29日,1
52,1357396230,-58.6,美国至12月28日当周EIA原油库存(万桶),美国,-100,53,3,利多,0,-1112,2017/03/01 23:30:00,13年1月5,2013年1月5日,1
53,1357741830,-1112,美国至1月4日当周EIA原油库存(万桶),美国,200,54,3,利多,0,131.4,2017/03/01 23:30:00,13年1月9,2013年1月9日,1
54,1358346630,131.4,美国至1月11日当周EIA原油库存(万桶),美国,220,55,3,利多,0,-95.1,2017/03/01 23:30:00,13年1月16,2013年1月16日,1
55,1359124230,-95.1,美国至1月18日当周EIA原油库存(万桶),美国,215,56,3,利空,0,281.3,2017/03/01 23:30:00,13年1月25,2013年1月25日,1
56,1359556230,281.3,美国至1月25日当周EIA原油库存(万桶),美国,250,57,3,利空,0,594.7,2017/03/01 23:30:00,13年1月30,2013年1月30日,1
57,1360161030,594.7,美国至2月1日当周EIA原油库存(万桶),美国,265,58,3,利多,0,262.3,2017/03/01 23:30:00,13年2月6,2013年2月6日,1
58,1360765830,262.3,美国至2月8日当周EIA原油库存(万桶),美国,220,59,3,利多,0,56,2017/03/01 23:30:00,13年2月13,2013年2月13日,1
59,1361543430,56,美国至2月15日当周EIA原油库存(万桶),美国,200,60,3,利空,0,414.3,2017/03/01 23:30:00,13年2月22,2013年2月22日,1
60,1361975430,414.3,美国至2月22日当周EIA原油库存(万桶),美国,250,61,3,利多,0,113,2017/03/01 23:30:00,13年2月27,2013年2月27日,1
61,1362580230,113,美国至3月1日当周EIA原油库存(万桶),美国,78.8,62,3,利空,0,383.3,2017/03/01 23:30:00,13年3月6,2013年3月6日,1
62,1363185030,383.3,美国至3月8日当周EIA原油库存(万桶),美国,230,63,3,利空,0,262.4,2017/03/01 23:30:00,13年3月13,2013年3月13日,1
63,1363789830,262.4,美国3月15日当周EIA原油库存(万桶),美国,200,64,3,利多,0,-131.4,2017/03/01 23:30:00,13年3月20,2013年3月20日,1
64,1364394630,-131.4,美国至3月22日当周EIA原油库存(万桶),美国,132.5,65,3,利空,0,325.6,2017/03/01 23:30:00,13年3月27,2013年3月27日,1
65,1364999430,325.6,美国至3月29日当周EIA原油库存(万桶),美国,205,66,3,利空,0,270.7,2017/03/01 23:30:00,13年4月3,2013年4月3日,1
66,1365604230,270.7,美国至4月5日当周EIA原油库存(万桶),美国,150,67,3,利多,0,25,2017/03/01 23:30:00,13年4月10,2013年4月10日,1
67,1366209030,25,美国4月12日当周EIA原油库存(万桶),美国,120,68,3,利多,0,-123.3,2017/03/01 23:30:00,13年4月17,2013年4月17日,1
68,1366813830,-123.3,美国4月19日当周API原油库存(万桶),美国,200,69,3,利多,0,94.7,2017/03/01 23:30:00,13年4月24,2013年4月24日,1
69,1367418630,94.7,美国至4月26日当周EIA原油库存(万桶),美国,110,70,3,利空,0,669.6,2017/03/01 23:30:00,13年5月1,2013年5月1日,1
70,1368023430,669.6,美国至5月3日当周EIA原油库存(万桶),美国,200,71,3,利多,0,23,2017/03/01 23:30:00,13年5月8,2013年5月8日,1
71,1368628230,23,美国5月10日当周EIA原油库存(万桶),美国,45,72,3,利多,0,-62.4,2017/03/01 23:30:00,13年5月15,2013年5月15日,1
72,1369233030,-62.4,美国至5月17日当周EIA原油库存(万桶),美国,-100,73,3,利空,0,-33.8,2017/03/01 23:30:00,13年5月22,2013年5月22日,1
73,1369924230,-33.8,美国至5月24日当周EIA原油库存(万桶),美国,-50,74,3,利空,0,300,2017/03/01 23:30:00,13年5月30,2013年5月30日,1
74,1370442630,300,美国至5月31日当周EIA原油库存(万桶),美国,-80,75,3,利多,0,-626.7,2017/03/01 23:30:00,13年6月5,2013年6月5日,1
75,1371047430,-626.7,美国6月7日当周EIA原油库存(万桶),美国,-150,76,3,利空,0,252.3,2017/03/01 23:30:00,13年6月12,2013年6月12日,1
76,1371652230,252.3,美国至6月14日当周EIA原油库存(万桶),美国,-50,77,3,利空,0,31.3,2017/03/01 23:30:00,13年6月19,2013年6月19日,1
77,1372257030,31.3,美国至6月21日当周EIA原油库存(万桶),美国,-175,78,3,利空,0,1.8,2017/03/01 23:30:00,13年6月26,2013年6月26日,1
78,1372861830,1.8,美国至6月29日当周EIA原油库存(万桶),美国,-225,79,3,利多,0,-1034.7,2017/03/01 23:30:00,13年7月3,2013年7月3日,1
79,1373466630,-1034.7,美国至7月5日当周EIA原油库存(万桶),美国,-320,80,3,利多,0,-987.4,2017/03/01 23:30:00,13年7月10,2013年7月10日,1
80,1374071430,-987.4,美国7月12日当周EIA原油库存(万桶),美国,-200,81,3,利多,0,-690.2,2017/03/01 23:30:00,13年7月17,2013年7月17日,1
81,1374676230,-690.2,美国至7月19日当周EIA原油库存(万桶),美国,-280,82,3,利多,0,-282.5,2017/03/01 23:30:00,13年7月24,2013年7月24日,1
82,1375281030,-282.5,美国至7月26日当周EIA原油库存(万桶),美国,-245,83,3,利空,0,43.1,2017/03/01 23:30:00,13年7月31,2013年7月31日,1
83,1375885830,43.1,美国至8月2日当周EIA原油库存(万桶),美国,-150,84,3,利空,0,-132,2017/03/01 23:30:00,13年8月7,2013年8月7日,1
84,1376490630,-132,美国8月9日当周EIA原油库存(万桶),美国,-150,85,3,利多,0,-281.2,2017/03/01 23:30:00,13年8月14,2013年8月14日,1
85,1377095430,-281.2,美国至8月16日当周EIA原油库存(万桶),美国,-150,86,3,利空,0,-142.8,2017/03/01 23:30:00,13年8月21,2013年8月21日,1
86,1377700230,-142.8,美国至8月23日当周EIA原油库存(万桶),美国,75,87,3,利空,0,298.6,2017/03/01 23:30:00,13年8月28,2013年8月28日,1
87,1378391430,298.6,美国至8月30日当周EIA原油库存(万桶),美国,-200,88,3,利空,0,-183.6,2017/03/01 23:30:00,13年9月5,2013年9月5日,1
88,1378909830,-183.6,美国9月6日当周EIA原油库存(万桶),美国,-210,89,3,利空,0,-21.9,2017/03/01 23:30:00,13年9月11,2013年9月11日,1
89,1379514630,-21.9,美国至9月13日当周EIA原油库存(万桶),美国,-120,90,3,利多,0,-436.8,2017/03/01 23:30:00,13年9月18,2013年9月18日,1
90,1380119430,-436.8,美国至9月20日当周EIA原油库存(万桶),美国,-100,91,3,利空,0,263.5,2017/03/01 23:30:00,13年9月25,2013年9月25日,1
91,1380724230,263.5,美国至9月27日当周EIA原油库存(万桶),美国,250,92,3,利空,0,547.2,2017/03/01 23:30:00,13年10月2,2013年10月2日,1
92,1381329030,547.2,美国至10月4日当周EIA原油库存(万桶),美国,155,93,3,利空,0,680.7,2017/03/01 23:30:00,13年10月9,2013年10月9日,1
93,1382365830,680.7,美国至10月11日当周EIA原油库存(万桶),美国,300,94,3,利空,0,399.9,2017/03/01 23:30:00,13年10月21,2013年10月21日,1
94,1382538630,399.9,美国至10月18日当周EIA原油库存(万桶),美国,300,95,3,利空,0,524.6,2017/03/01 23:30:00,13年10月23,2013年10月23日,1
95,1383143430,524.6,美国至10月25日当周EIA原油库存(万桶),美国,240,96,3,利空,0,408.7,2017/03/01 23:30:00,13年10月30,2013年10月30日,1
96,1383748230,408.7,美国至11月1日当周EIA原油库存(万桶),美国,210,97,3,利多,0,157.7,2017/03/01 23:30:00,13年11月6,2013年11月6日,1
97,1384525830,157.7,美国至11月8日当周EIA原油库存(万桶),美国,80,98,3,利空,0,264,2017/03/01 23:30:00,13年11月15,2013年11月15日,1
98,1384957830,264,美国至11月15日当周EIA原油库存(万桶),美国,100,99,3,利多,0,37.5,2017/03/01 23:30:00,13年11月20,2013年11月20日,1
99,1385562630,37.5,美国至11月23日当周EIA原油库存(万桶),美国,75,100,3,利空,0,295.3,2017/03/01 23:30:00,13年11月27,2013年11月27日,1
100,1386167430,295.3,美国至11月29日当周EIA原油库存(万桶),美国,-50,101,3,利多,0,-558.5,2017/03/01 23:30:00,13年12月4,2013年12月4日,1
101,1386772230,-558.5,美国至12月6日当周EIA原油库存(万桶),美国,-300,102,3,利多,0,-1058.5,2017/03/01 23:30:00,13年12月11,2013年12月11日,1
102,1387377030,-1058.5,美国12月13日当周API原油库存(万桶),美国,-350,103,3,利空,0,-294.1,2017/03/01 23:30:00,13年12月18,2013年12月18日,1
103,1388241030,-294.1,美国至12月20日当周EIA原油库存(万桶),美国,-265,104,3,利多,0,-473.1,2017/03/01 23:30:00,13年12月28,2013年12月28日,1
104,1388845830,-473.1,美国至12月27日当周EIA原油库存(万桶),美国,-282.5,105,3,利多,0,-700.7,2017/03/01 23:30:00,14年1月4,2014年1月4日,1
105,1389191430,-700.7,美国至1月3日当周EIA原油库存(万桶),美国,-275,106,3,利空,0,-267.5,2017/03/01 23:30:00,14年1月8,2014年1月8日,1
106,1389796230,-267.5,美国至1月10日当周EIA原油库存(万桶),美国,-130,107,3,利多,0,-765.8,2017/03/01 23:30:00,14年1月15,2014年1月15日,1
107,1390573830,-765.8,美国至1月17日当周EIA原油库存(万桶),美国,115,108,3,利多,0,99,2017/03/01 23:30:00,14年1月24,2014年1月24日,1
108,1391005830,99,美国至1月24日当周EIA原油库存(万桶),美国,225,109,3,利空,0,642.1,2017/03/01 23:30:00,14年1月29,2014年1月29日,1
109,1391610630,642.1,美国至1月31日当周EIA原油库存(万桶),美国,255,110,3,利多,0,44,2017/03/01 23:30:00,14年2月5,2014年2月5日,1
110,1392215430,44,美国至2月7日当周EIA原油库存(万桶),美国,260,111,3,利空,0,326.7,2017/03/01 23:30:00,14年2月12,2014年2月12日,1
111,1392993030,326.7,美国至2月14日当周EIA原油库存(万桶),美国,225,112,3,利多,0,97.3,2017/03/01 23:30:00,14年2月21,2014年2月21日,1
112,1393425030,97.3,美国至2月21日当周EIA原油库存(万桶),美国,127.5,113,3,利多,0,6.8,2017/03/01 23:30:00,14年2月26,2014年2月26日,1
113,1394029830,6.8,美国至2月28日当周EIA原油库存(万桶),美国,130,114,3,利空,0,142.9,2017/03/01 23:30:00,14年3月5,2014年3月5日,1
114,1394634630,142.9,美国至3月7日当周EIA原油库存(万桶),美国,200,115,3,利空,0,618,2017/03/01 23:30:00,14年3月12,2014年3月12日,1
115,1395239430,618,美国3月14日当周EIA原油库存(万桶),美国,275,116,3,利空,0,585,2017/03/01 23:30:00,14年3月19,2014年3月19日,1
116,1395844230,585,美国至3月21日当周EIA原油库存(万桶),美国,250,117,3,利空,0,661.9,2017/03/01 23:30:00,14年3月26,2014年3月26日,1
117,1396449030,661.9,美国至3月28日当周EIA原油库存(万桶),美国,250,118,3,利多,0,-237.9,2017/03/01 23:30:00,14年4月2,2014年4月2日,1
118,1397053830,-237.9,美国至4月4日当周EIA原油库存(万桶),美国,75,119,3,利空,0,403,2017/03/01 23:30:00,14年4月9,2014年4月9日,1
119,1397658630,403,美国4月11日当周EIA原油库存(万桶),美国,175,120,3,利空,0,1001.3,2017/03/01 23:30:00,14年4月16,2014年4月16日,1
120,1398263430,1001.3,美国至4月18日当周EIA原油库存(万桶),美国,300,121,3,利空,0,352.4,2017/03/01 23:30:00,14年4月23,2014年4月23日,1
121,1398868230,352.4,美国至4月25日当周EIA原油库存(万桶),美国,220,122,3,利多,0,169.8,2017/03/01 23:30:00,14年4月30,2014年4月30日,1
122,1399473030,169.8,美国至5月2日当周EIA原油库存(万桶),美国,125,123,3,利多,0,-178.1,2017/03/01 23:30:00,14年5月7,2014年5月7日,1
123,1400077830,-178.1,美国5月9日当周EIA原油库存(万桶),美国,待公布,124,3,利空,0,94.7,2017/03/01 23:30:00,14年5月14,2014年5月14日,2
124,1400682630,94.7,美国至5月16日当周EIA原油库存(万桶),美国,待公布,125,3,利多,0,-722.6,2017/03/01 23:30:00,14年5月21,2014年5月21日,2
125,1401373830,-722.6,美国至5月23日当周EIA原油库存(万桶),美国,50,126,3,利空,0,165.7,2017/03/01 23:30:00,14年5月29,2014年5月29日,1
126,1401892230,165.7,美国至5月30日当周EIA原油库存(万桶),美国,-25,127,3,利多,0,-343.1,2017/03/01 23:30:00,14年6月4,2014年6月4日,1
127,1402497030,-343.1,美国至6月8日当周EIA原油库存(万桶),美国,-200,128,3,利多,0,-259.6,2017/03/01 23:30:00,14年6月11,2014年6月11日,1
128,1403101830,-259.6,美国至6月13日当周EIA原油库存(万桶),美国,-75,129,3,利空,0,-57.9,2017/03/01 23:30:00,14年6月18,2014年6月18日,1
129,1403706630,-57.9,美国至6月20日当周EIA原油库存(万桶),美国,-170,130,3,利空,0,174.2,2017/03/01 23:30:00,14年6月25,2014年6月25日,1
130,1404311430,174.2,美国至6月27日当周EIA原油库存(万桶),美国,-240,131,3,利多,0,-315.5,2017/03/01 23:30:00,14年7月2,2014年7月2日,1
131,1404916230,-315.5,美国至7月4日当周EIA原油库存(万桶),美国,-250,132,3,利空,0,-237,2017/03/01 23:30:00,14年7月9,2014年7月9日,1
132,1405521030,-237,美国7月11日当周EIA原油库存(万桶),美国,-275,133,3,利多,0,-752.5,2017/03/01 23:30:00,14年7月16,2014年7月16日,1
133,1406125830,-752.5,美国至7月18日当周EIA原油库存(万桶),美国,-290,134,3,利多,0,-396.9,2017/03/01 23:30:00,14年7月23,2014年7月23日,1
134,1406730630,-396.9,美国至7月25日当周EIA原油库存(万桶),美国,-125,135,3,利多,0,-369.7,2017/03/01 23:30:00,14年7月30,2014年7月30日,1
135,1407335430,-369.7,美国至8月1日当周EIA原油库存(万桶),美国,-155,136,3,利多,0,-175.6,2017/03/01 23:30:00,14年8月6,2014年8月6日,1
136,1407940230,-175.6,美国8月8日当周EIA原油库存(万桶),美国,-205,137,3,利空,0,140.1,2017/03/01 23:30:00,14年8月13,2014年8月13日,1
137,1408545030,140.1,美国至8月15日当周EIA原油库存(万桶),美国,-175,138,3,利多,0,-447.4,2017/03/01 23:30:00,14年8月20,2014年8月20日,1
138,1409149830,-447.4,美国至8月22日当周EIA原油库存(万桶),美国,-250,139,3,利空,0,-207,2017/03/01 23:30:00,14年8月27,2014年8月27日,1
139,1409841030,-207,美国至8月29日当周EIA原油库存(万桶),美国,-100,140,3,利空,0,-90.5,2017/03/01 23:30:00,14年9月4,2014年9月4日,1
140,1410359430,-90.5,美国至9月5日当周EIA原油库存(万桶),美国,-150,141,3,利空,0,-97.2,2017/03/01 23:30:00,14年9月10,2014年9月10日,1
141,1410964230,-97.2,美国9月12日当周API原油库存(万桶),美国,-150,142,3,利空,0,367.3,2017/03/01 23:30:00,14年9月17,2014年9月17日,1
142,1411569030,367.3,美国至9月19日当周EIA原油库存(万桶),美国,75,143,3,利多,0,-427.3,2017/03/01 23:30:00,14年9月24,2014年9月24日,1
143,1412173830,-427.3,美国至9月26日当周EIA原油库存(万桶),美国,150,144,3,利多,0,-136.3,2017/03/01 23:30:00,14年10月1,2014年10月1日,1
144,1412778630,-136.3,美国至10月3日当周EIA原油库存(万桶),美国,200,145,3,利空,0,501.5,2017/03/01 23:30:00,14年10月8,2014年10月8日,1
145,1413469830,501.5,美国至10月11日当周EIA原油库存(万桶),美国,245,146,3,利空,0,892.3,2017/03/01 23:30:00,14年10月16,2014年10月16日,1
146,1413988230,892.3,美国至10月17日当周EIA原油库存(万桶),美国,300,147,3,利空,0,711.1,2017/03/01 23:30:00,14年10月22,2014年10月22日,1
147,1414593030,711.1,美国至10月24日当周EIA原油库存(万桶),美国,365,148,3,利多,0,206.1,2017/03/01 23:30:00,14年10月29,2014年10月29日,1
148,1415197830,206.1,美国至10月31日当周EIA原油库存(万桶),美国,235,149,3,利多,0,46,2017/03/01 23:30:00,14年11月5,2014年11月5日,1
149,1415975430,46,美国至11月7日当周EIA原油库存(万桶),美国,105,150,3,利多,0,-173.5,2017/03/01 23:30:00,14年11月14,2014年11月14日,1
150,1416407430,-173.5,美国11月14日当周EIA原油库存(万桶),美国,-150,151,3,利空,0,260.8,2017/03/01 23:30:00,14年11月19,2014年11月19日,1
151,1417012230,260.8,美国至11月22日当周EIA原油库存(万桶),美国,25,152,3,利空,0,194.6,2017/03/01 23:30:00,14年11月26,2014年11月26日,1
152,1417617030,194.6,美国至11月28日当周EIA原油库存(万桶),美国,175,153,3,利多,0,-368.9,2017/03/01 23:30:00,14年12月3,2014年12月3日,1
153,1418221830,-368.9,美国至12月5日当周EIA原油库存(万桶),美国,-270,154,3,利空,0,145.4,2017/03/01 23:30:00,14年12月10,2014年12月10日,1
154,1418826630,145.4,美国至12月12日当周EIA原油库存(万桶),美国,-225,155,3,利空,0,-84.7,2017/03/01 23:30:00,14年12月17,2014年12月17日,1
155,1419431430,-84.7,美国至12月20日当周EIA原油库存(万桶),美国,-250,156,3,利空,0,726.7,2017/03/01 23:30:00,14年12月24,2014年12月24日,1
156,1420036230,726.7,美国至12月27日当周EIA原油库存(万桶),美国,90,157,3,利多,0,-175.4,2017/03/01 23:30:00,14年12月31,2014年12月31日,1
157,1420641030,-175.4,美国至1月2日当周EIA原油库存(万桶),美国,70,158,3,利多,0,-306.2,2017/03/01 23:30:00,15年1月7,2015年1月7日,1
158,1421245830,-306.2,美国至1月9日当周EIA原油库存(万桶),美国,175,159,3,利空,0,538.9,2017/03/01 23:30:00,15年1月14,2015年1月14日,1
159,1422023430,538.9,美国至1月16日当周EIA原油库存(万桶),美国,270,160,3,利空,0,1007.1,2017/03/01 23:30:00,15年1月23,2015年1月23日,1
160,1422455430,1007.1,美国至1月25日当周EIA原油库存(万桶),美国,385,161,3,利空,0,887.4,2017/03/01 23:30:00,15年1月28,2015年1月28日,1
161,1423060230,887.4,美国1月30日当周EIA原油库存(万桶),美国,325,162,3,利空,0,633.3,2017/03/01 23:30:00,15年2月4,2015年2月4日,1
162,1423665030,633.3,美国至2月6日当周EIA原油库存(万桶),美国,375,163,3,利空,0,486.8,2017/03/01 23:30:00,15年2月11,2015年2月11日,1
163,1424442630,486.8,美国至2月13日当周EIA原油库存(万桶),美国,300,164,3,利空,0,771.6,2017/03/01 23:30:00,15年2月20,2015年2月20日,1
164,1424874630,771.6,美国至2月21日当周EIA原油库存(万桶),美国,400,165,3,利空,0,842.7,2017/03/01 23:30:00,15年2月25,2015年2月25日,1
165,1425479430,842.7,美国至2月28日当周EIA原油库存(万桶),美国,395,166,3,利空,0,1030.3,2017/03/01 23:30:00,15年3月4,2015年3月4日,1
166,1426084230,1030.3,美国至3月7日当周EIA原油库存(万桶),美国,475,167,3,利多,0,451.2,2017/03/01 23:30:00,15年3月11,2015年3月11日,1
167,1426689030,451.2,美国至3月14日当周EIA原油库存(万桶),美国,440,168,3,利空,0,962.2,2017/03/01 23:30:00,15年3月18,2015年3月18日,1
168,1427293830,962.2,美国至3月21日当周EIA原油库存(万桶),美国,475,169,3,利空,0,817,2017/03/01 23:30:00,15年3月25,2015年3月25日,1
169,1427898630,817,美国至3月27日当周EIA原油库存(万桶),美国,420,170,3,利空,0,476.6,2017/03/01 23:30:00,15年4月1,2015年4月1日,1
170,1428503430,476.6,美国至4月4日当周EIA原油库存(万桶),美国,325,171,3,利空,0,1094.9,2017/03/01 23:30:00,15年4月8,2015年4月8日,1
171,1429108230,1094.9,美国至4月11日当周EIA原油库存(万桶),美国,360,172,3,利多,0,129.4,2017/03/01 23:30:00,15年4月15,2015年4月15日,1
172,1429713030,129.4,美国至4月18日当周EIA原油库存(万桶),美国,320,173,3,利空,0,531.5,2017/03/01 23:30:00,15年4月22,2015年4月22日,1
173,1430317830,531.5,美国至4月25日当周EIA原油库存(万桶),美国,330,174,3,利多,0,191,2017/03/01 23:30:00,15年4月29,2015年4月29日,1
174,1430922630,191,美国至5月2日当周EIA原油库存(万桶),美国,150,175,3,利多,0,-388.2,2017/03/01 23:30:00,15年5月6,2015年5月6日,1
175,1431527430,-388.2,美国至5月9日当周EIA原油库存(万桶),美国,-25,176,3,利多,0,-219.1,2017/03/01 23:30:00,15年5月13,2015年5月13日,1
176,1432132230,-219.1,美国至5月16日当周EIA原油库存(万桶),美国,-175,177,3,利多,0,-267.4,2017/03/01 23:30:00,15年5月20,2015年5月20日,1
177,1432823430,-267.4,美国至5月23日当周EIA原油库存(万桶),美国,-200,178,3,利多,0,-280.2,2017/03/01 23:30:00,15年5月28,2015年5月28日,1
178,1433341830,-280.2,美国至5月30日当周EIA原油库存(万桶),美国,-170,179,3,利多,0,-194.8,2017/03/01 23:30:00,15年6月3,2015年6月3日,1
179,1433946630,-194.8,美国至6月6日当周EIA原油库存(万桶),美国,-172,180,3,利多,0,-681.2,2017/03/01 23:30:00,15年6月10,2015年6月10日,1
180,1434551430,-681.2,美国至6月13日当周EIA原油库存(万桶),美国,-165.7,181,3,利多,0,-267.6,2017/03/01 23:30:00,15年6月17,2015年6月17日,1
181,1435156230,-267.6,美国至6月20日当周EIA原油库存(万桶),美国,-210,182,3,利多,0,-493.4,2017/03/01 23:30:00,15年6月24,2015年6月24日,1
182,1435761030,-493.4,美国至6月27日当周EIA原油库存(万桶),美国,-200,183,3,利空,0,238.6,2017/03/01 23:30:00,15年7月1,2015年7月1日,1
183,1436365830,238.6,美国至7月3日当周EIA原油库存(万桶),美国,-70,184,3,利空,0,38.4,2017/03/01 23:30:00,15年7月8,2015年7月8日,1
184,1436970630,38.4,美国至7月10日当周EIA原油库存(万桶),美国,-115.8,185,3,利多,0,-434.6,2017/03/01 23:30:00,15年7月15,2015年7月15日,1
185,1437575430,-434.6,美国至7月17日当周EIA原油库存(万桶),美国,-225.8,186,3,利空,0,246.8,2017/03/01 23:30:00,15年7月22,2015年7月22日,1
186,1438180230,246.8,美国至7月24日当周EIA原油库存(万桶),美国,-18.4,187,3,利多,0,-420.3,2017/03/01 23:30:00,15年7月29,2015年7月29日,1
187,1438785030,-420.3,美国至7月31日当周EIA原油库存(万桶),美国,-149.4,188,3,利多,0,-440.7,2017/03/01 23:30:00,15年8月5,2015年8月5日,1
188,1439389830,-440.7,美国至8月7日当周EIA原油库存(万桶),美国,-181.7,189,3,利空,0,-168.2,2017/03/01 23:30:00,15年8月12,2015年8月12日,1
189,1439994630,-168.2,美国至8月14日当周EIA原油库存(万桶),美国,-77.7,190,3,利空,0,262,2017/03/01 23:30:00,15年8月19,2015年8月19日,1
190,1440599430,262,美国至8月21日当周EIA原油库存(万桶),美国,102.2,191,3,利多,0,-545.2,2017/03/01 23:30:00,15年8月26,2015年8月26日,1
191,1441204230,-545.2,美国至8月28日当周EIA原油库存(万桶),美国,3.2,192,3,利空,0,466.7,2017/03/01 23:30:00,15年9月2,2015年9月2日,1
192,1441895430,466.7,美国至9月4日当周EIA原油库存(万桶),美国,93.3,193,3,利空,0,257,2017/03/01 23:30:00,15年9月10,2015年9月10日,1
193,1442413830,257,美国至9月11日当周EIA原油库存(万桶),美国,117.3,194,3,利多,0,-210.4,2017/03/01 23:30:00,15年9月16,2015年9月16日,1
194,1443018630,-210.4,美国至9月18日当周EIA原油库存(万桶),美国,-53.3,195,3,利多,0,-192.5,2017/03/01 23:30:00,15年9月23,2015年9月23日,1
195,1443623430,-192.5,美国至9月25日当周EIA原油库存(万桶),美国,10.2,196,3,利空,0,395.5,2017/03/01 23:30:00,15年9月30,2015年9月30日,1
196,1444228230,395.5,美国至10月2日当周EIA原油库存(万桶),美国,220,197,3,利空,0,307.3,2017/03/01 23:30:00,15年10月7,2015年10月7日,1
197,1444919430,307.3,美国至10月9日当周EIA原油库存(万桶),美国,284.8,198,3,利空,0,756.2,2017/03/01 23:30:00,15年10月15,2015年10月15日,1
198,1445437830,756.2,美国至10月16日当周EIA原油库存(万桶),美国,386.7,199,3,利空,0,802.8,2017/03/01 23:30:00,15年10月21,2015年10月21日,1
199,1446042630,802.8,美国至10月23日当周EIA原油库存(万桶),美国,341.7,200,3,利多,0,337.6,2017/03/01 23:30:00,15年10月28,2015年10月28日,1
200,1446647430,337.6,美国至10月30日当周EIA原油库存(万桶),美国,278.7,201,3,利空,0,284.7,2017/03/01 23:30:00,15年11月4,2015年11月4日,1
201,1447425030,284.7,美国至11月6日当周EIA原油库存(万桶),美国,101.6,202,3,利空,0,422.4,2017/03/01 23:30:00,15年11月13,2015年11月13日,1
202,1447857030,422.4,美国至11月13日当周EIA原油库存(万桶),美国,190,203,3,利多,0,25.2,2017/03/01 23:30:00,15年11月18,2015年11月18日,1
203,1448461830,25.2,美国至11月20日当周EIA原油库存(万桶),美国,120,204,3,利多,0,96.1,2017/03/01 23:30:00,15年11月25,2015年11月25日,1
204,1449066630,96.1,美国至11月27日当周EIA原油库存(万桶),美国,-47.1,205,3,利空,0,117.7,2017/03/01 23:30:00,15年12月2,2015年12月2日,1
205,1449671430,117.7,美国至12月4日当周EIA原油库存(万桶),美国,25.2,206,3,利多,0,-356.8,2017/03/01 23:30:00,15年12月9,2015年12月9日,1
206,1450276230,-356.8,美国至12月11日当周EIA原油库存(万桶),美国,-141.7,207,3,利空,0,480.1,2017/03/01 23:30:00,15年12月16,2015年12月16日,1
207,1450881030,480.1,美国至12月18日当周EIA原油库存(万桶),美国,108.3,208,3,利多,0,-587.7,2017/03/01 23:30:00,15年12月23,2015年12月23日,1
208,1451485830,-587.7,美国至12月25日当周EIA原油库存(万桶),美国,-245.7,209,3,利空,0,262.9,2017/03/01 23:30:00,15年12月30,2015年12月30日,1
209,1452090630,262.9,美国至1月1日当周EIA原油库存(万桶),美国,43.9,210,3,利多,0,-508.5,2017/03/01 23:30:00,16年1月6,2016年1月6日,1
210,1452695430,-508.5,美国至1月8日当周EIA原油库存(万桶),美国,250.4,211,3,利多,0,23.4,2017/03/01 23:30:00,16年1月13,2016年1月13日,1
211,1453473030,23.4,美国至1月15日当周EIA原油库存(万桶),美国,281.1,212,3,利空,0,397.9,2017/03/01 23:30:00,16年1月22,2016年1月22日,1
212,1453905030,397.9,美国至1月22日当周EIA原油库存(万桶),美国,327.7,213,3,利空,0,838.3,2017/03/01 23:30:00,16年1月27,2016年1月27日,1
213,1454509830,838.3,美国至1月29日当周EIA原油库存(万桶),美国,476,214,3,利空,0,779.2,2017/03/01 23:30:00,16年2月3,2016年2月3日,1
214,1455114630,779.2,美国至2月5日当周EIA原油库存(万桶),美国,355,215,3,利多,0,-75.4,2017/03/01 23:30:00,16年2月10,2016年2月10日,1
215,1455892230,-75.4,美国至2月12日当周EIA原油库存(万桶),美国,392,216,3,利多,0,214.7,2017/03/01 23:30:00,16年2月19,2016年2月19日,1
216,1456324230,214.7,美国至2月19日当周EIA原油库存(万桶),美国,342.7,217,3,利空,0,350.2,2017/03/01 23:30:00,16年2月24,2016年2月24日,1
217,1456929030,350.2,美国至2月26日当周EIA原油库存(万桶),美国,360.4,218,3,利空,0,1037.4,2017/03/01 23:30:00,16年3月2,2016年3月2日,1
218,1457533830,1037.4,美国至3月4日当周EIA原油库存(万桶),美国,386.7,219,3,利空,0,388,2017/03/01 23:30:00,16年3月9,2016年3月9日,1
219,1458138630,388,美国至3月11日当周EIA原油库存(万桶),美国,341.4,220,3,利多,0,131.7,2017/03/01 23:30:00,16年3月16,2016年3月16日,1
220,1458743430,131.7,美国至3月18日当周EIA原油库存(万桶),美国,309,221,3,利空,0,935.7,2017/03/01 23:30:00,16年3月23,2016年3月23日,1
221,1459348230,935.7,美国至3月25日当周EIA原油库存(万桶),美国,330,222,3,利多,0,229.9,2017/03/01 23:30:00,16年3月30,2016年3月30日,1
222,1459953030,229.9,美国至4月1日当周EIA原油库存(万桶),美国,315,223,3,利多,0,-493.7,2017/03/01 23:30:00,16年4月6,2016年4月6日,1
223,1460557830,-493.7,美国至4月8日当周EIA原油库存(万桶),美国,185,224,3,利空,0,663.4,2017/03/01 23:30:00,16年4月13,2016年4月13日,1
224,1461162630,663.4,美国至4月15日当周EIA原油库存(万桶),美国,240,225,3,利多,0,208,2017/03/01 23:30:00,16年4月20,2016年4月20日,1
225,1461767430,208,美国至4月22日当周EIA原油库存(万桶),美国,236.6,226,3,利多,0,199.9,2017/03/01 23:30:00,16年4月27,2016年4月27日,1
226,1462372230,199.9,美国至4月29日当周EIA原油库存(万桶),美国,169.5,227,3,利空,0,278.4,2017/03/01 23:30:00,16年5月4,2016年5月4日,1
227,1462977030,278.4,美国至5月6日当周EIA原油库存(万桶),美国,71.4,228,3,利多,0,-341,2017/03/01 23:30:00,16年5月11,2016年5月11日,1
228,1463581830,-341,美国至5月13日当周EIA原油库存(万桶),美国,-283.3,229,3,利空,0,131,2017/03/01 23:30:00,16年5月18,2016年5月18日,1
229,1464186630,131,美国至5月20日当周EIA原油库存(万桶),美国,-245,230,3,利多,0,-422.6,2017/03/01 23:30:00,16年5月25,2016年5月25日,1
230,1464877830,-422.6,美国至5月27日当周EIA原油库存(万桶),美国,-249,231,3,利空,0,-136.6,2017/03/01 23:30:00,16年6月2,2016年6月2日,1
231,1465396230,-136.6,美国至6月3日当周EIA原油库存(万桶),美国,-274,232,3,利多,0,-322.6,2017/03/01 23:30:00,16年6月8,2016年6月8日,1
232,1466001030,-322.6,美国至6月10日当周EIA原油库存(万桶),美国,-226,233,3,利空,0,-93.3,2017/03/01 23:30:00,16年6月15,2016年6月15日,1
233,1466605830,-93.3,美国至6月17日当周EIA原油库存(万桶),美国,-167.1,234,3,利空,0,-91.7,2017/03/01 23:30:00,16年6月22,2016年6月22日,1
234,1467210630,-91.7,美国至6月24日当周EIA原油库存(万桶),美国,-236.5,235,3,利多,0,-405.3,2017/03/01 23:30:00,16年6月29,2016年6月29日,1
235,1467901830,-405.3,美国至7月1日当周EIA原油库存(万桶),美国,-225,236,3,利空,0,-222.3,2017/03/01 23:30:00,16年7月7,2016年7月7日,1
236,1468420230,-222.3,美国至7月8日当周EIA原油库存(万桶),美国,-295,237,3,利空,0,-254.6,2017/03/01 23:30:00,16年7月13,2016年7月13日,1
237,1469025030,-254.6,美国至7月15日当周EIA原油库存(万桶),美国,-210,238,3,利多,0,-234.2,2017/03/01 23:30:00,16年7月20,2016年7月20日,1
238,1469629830,-234.2,美国至7月22日当周EIA原油库存(万桶),美国,-225.7,239,3,利空,0,167.1,2017/03/01 23:30:00,16年7月27,2016年7月27日,1
239,1470234630,167.1,美国至7月29日当周EIA原油库存(万桶),美国,-136.3,240,3,利空,0,141.3,2017/03/01 23:30:00,16年8月3,2016年8月3日,1
240,1470839430,141.3,美国至8月5日当周EIA原油库存(万桶),美国,-102.5,241,3,利空,0,105.5,2017/03/01 23:30:00,16年8月10,2016年8月10日,1
241,1471444230,105.5,美国至8月12日当周EIA原油库存(万桶),美国,52.2,242,3,利多,0,-250.8,2017/03/01 23:30:00,16年8月17,2016年8月17日,1
242,1472049030,-250.8,美国至8月19日当周EIA原油库存(万桶),美国,-45.5,243,3,利空,0,250.1,2017/03/01 23:30:00,16年8月24,2016年8月24日,1
243,1472653830,250.1,美国至8月26日当周EIA原油库存(万桶),美国,92.1,244,3,利空,0,227.6,2017/03/01 23:30:00,16年8月31,2016年8月31日,1
244,1473345030,227.6,美国至9月2日当周EIA原油库存(万桶),美国,22.5,245,3,利多,0,-1451.3,2017/03/01 23:30:00,16年9月8,2016年9月8日,1
245,1473863430,-1451.3,美国至9月9日当周EIA原油库存(万桶),美国,380,246,3,利多,0,-55.9,2017/03/01 23:30:00,16年9月14,2016年9月14日,1
246,1474468230,-55.9,美国至9月16日当周EIA原油库存(万桶),美国,335,247,3,利多,0,-620,2017/03/01 23:30:00,16年9月21,2016年9月21日,1
247,1475073030,-620,美国至9月23日当周EIA原油库存(万桶),美国,299.5,248,3,利多,0,-188.2,2017/03/01 23:30:00,16年9月28,2016年9月28日,1
248,1475677830,-188.2,美国至9月30日当周EIA原油库存(万桶),美国,256,249,3,利多,0,-297.6,2017/03/01 23:30:00,16年10月5,2016年10月5日,1
249,1476369030,-297.6,美国至10月7日当周EIA原油库存(万桶),美国,65,250,3,利空,0,490,2017/03/01 23:30:00,16年10月13,2016年10月13日,1
250,1476887430,490,美国至10月14日当周EIA原油库存(万桶),美国,270.5,251,3,利多,0,-524.7,2017/03/01 23:30:00,16年10月19,2016年10月19日,1
251,1477492230,-524.7,美国至10月21日当周EIA原油库存(万桶),美国,169.9,252,3,利多,0,-55.3,2017/03/01 23:30:00,16年10月26,2016年10月26日,1
252,1478097030,-55.3,美国至10月28日当周EIA原油库存(万桶),美国,101.3,253,3,利空,0,1442,2017/03/01 23:30:00,16年11月2,2016年11月2日,1
253,1478620800,1442,美国至11月4日当周EIA原油库存(万桶),美国,105,254,3,利空,0,243.2,2017/03/01 23:30:00,16年11月9,2016年11月9日,1
254,1479310208,243.2,美国至11月11日当周EIA原油库存(万桶),美国,148,256,4,利空,192480,527.4,2017/03/01 23:30:00,16年11月16,2016年11月16日,1
255,1479830400,527.4,美国至11月18日当周EIA原油库存(万桶),美国,67.1,257,3,利多,0,-125.5,2017/03/01 23:30:00,16年11月23,2016年11月23日,1
256,1480435200,	-125.5,美国至11月25日当周EIA原油库存(万桶),美国,63.6,258,3,利多,0,-88.4,2017/03/01 23:30:00,16年11月30,2016年11月30日,1
257,1481040000,-88.4,美国至12月2日当周EIA原油库存(万桶),美国,-103.2,259,3,利多,0,-238.9,2017/03/01 23:30:00,16年12月7,2016年12月7日,1
258,1481644800,-238.9,美国至12月9日当周EIA原油库存(万桶),美国,-158.4,260,3,利多,0,-256.3,2017/03/01 23:30:00,16年12月14,2016年12月14日,1
259,1482249600,-256.3,美国至12月16日当周EIA原油库存(万桶),美国,-251.5,261,3,利空,0,225.6,2017/03/01 23:30:00,16年12月21,2016年12月21日,1
260,1483027200,225.6,美国至12月23日当周EIA原油库存(万桶),美国,-206,262,0,利空,0,61.4,2017/03/01 23:30:00,16年12月30,2016年12月30日,1
261,1483632000,61.4,美国至12月30日当周EIA原油库存(万桶),美国,-215.2,263,4,利多,0,-705.1,2017/03/01 23:30:00,17年1月6,2017年1月6日,1
262,1484064000,-705.1,美国至1月6日当周EIA原油库存(万桶),美国,116.2,264,4,利空,0,409.7,2017/03/01 23:30:00,17年1月11,2017年1月11日,1
263,1484841601,409.7,美国至1月13日当周EIA原油库存(万桶),美国,-34.2,265,4,利空,213089,234.7,2017/03/01 23:30:00,17年01月20,2017年01月20日,1
264,1485358200,234.7,美国至1月20日当周EIA原油库存(万桶),美国,281.5,266,4,利空,213100,284,2017/03/01 23:30:00,17年01月25,2017年01月25日,1
265,1485963003,284,美国至1月27日当周EIA原油库存(万桶),美国,328.9,267,4,利空,213113,646.6,2017/03/01 23:30:00,17年02月01,2017年02月01日,1
266,1486483200,646.6,美国至2月3日当周EIA原油库存(万桶),美国,252.9,268,4,利空,0,1383,2017/03/01 23:30:00,17年02月08,2017年02月08日,1
267,1487088000,1383,美国至2月10日当周EIA原油库存(万桶),美国,351.3,269,4,利空,0,952.7,2017/03/01 23:30:00,17年02月15,2017年02月15日,1
268,1487865600,952.7,美国至2月17日当周EIA原油库存(万桶),美国,347.5,270,4,利多,0,56.4,2017/03/01 23:30:00,17年02月24,2017年02月24日,1
